,PC1,PC2
numstrings,0.4208031610075983,0.022696913160203436
avlength,-0.09431404474131289,0.19739028114736804
printables,0.37968582260907735,0.08734259094993409
entropy,0.20302072087310258,-0.09994753816784123
paths,0.1267997385592242,0.09429274851326097
urls,0.11743481198904598,0.23708698314569993
registry,-0.0,0.0
MZ,0.3570809673309719,-0.028195929770327824
size,0.4195957047242127,0.04869643296422433
vsize,0.35313497141964256,0.05613695344679439
has_debug,-0.0751847515611087,0.3963145946332944
exports_counts,-1.0339757656912846e-25,0.0
imports_counts,0.16486155641909128,0.186225434633319
has_relocations,-0.007095179380943803,0.26055695931501033
has_resources,-1.6408306828597046e-28,7.496324301261813e-25
has_signature,6.046224408066445e-27,-2.65327874999187e-23
has_tls,6.753771010291472e-27,-2.963870327772935e-23
symbols,1.0107222570245882e-28,-4.435512434568079e-25
coff.timestamp,0.01547302327600534,0.2602535888180212
optional.major_image_version,-0.030017815032983373,-0.04307651522134885
optional.minor_image_version,-4.3406621230925534e-41,1.910178320086217e-37
optional.major_linker_version,-0.1299621307431613,0.4145997493961827
optional.minor_linker_version,0.15775076060764676,-0.1565316254690099
optional.major_operating_system_version,-0.030835576835862265,0.40311704866455517
optional.minor_operating_system_version,-7.174648137343064e-43,2.938735877055719e-39
optional.major_subsystem_version,-0.02702869127099242,0.420788496997786
optional.minor_subsystem_version,-0.0,0.0
optional.sizeof_code,0.30500866947786553,0.07937622851170402
optional.sizeof_headers,-0.0,0.0
optional.sizeof_heap_commit,-0.0,0.0
